texto,clase
La Mañanera de AMLO. Los temas del 23 de noviembre,real
"AMLO enviará ""en estos días"" reforma electoral a Cámara de Diputados",real
Quienes están contra reforma electoral repudian al pueblo:Indira Vizcaíno,real
"AMLO convoca a marcha, desfile o acarreo para celebrar la 4T",real
"Marcha del domingo puede ser la última a la que asista, dice AMLO",real
"En la marcha en defensa del INE “hubo mucho robo de carteras”, bromea AMLO",real
Cofepris endurece control de precursores químicos,real
Inseguridad en Colima es por cantidad de población: Semar,real
"AMLO se reúne con Gabriel Boric, presidente de Chile",real
Ricardo Monreal denuncia a Layda Sansores,real
Tribunal ordena a Layda disculparse con diputadas del PRI,real
Sistema de migración del AICM falló por intento de robo: INM,real
Grupo élite de Sedena auxilió a estados en 102 ataques,real
INE niega medidas cautelares a diputada de MC,real
Senadores de la 4T invitan a ciudadanos a participar en marcha,real
De Sheinbaum a Mario Delgado: políticos que asistirán a la marcha de AMLO,real
¿Por qué AMLO convoca a una marcha? Este y otros datos que debes de saber,real
Éxodos y campamentos: Así han sido las marchas de AMLO a través de los años,real
AMLO encabezará marcha del Ángel al Zócalo de CdMx previo a informe de gobierno,real
Mario Delgado pide no dejar solo a AMLO en marcha del 27 de noviembre,real
Mujeres en política “ahí vamos”; falta en academia y sector empresarial: diputada Julieta Ramírez,real
"""Nunca hay que decir nunca"": Carla Humprey no descarta interés en asumir cargos públicos",real
México llegó muy tarde para reconocer los derechos de las mujeres: Kenia López,real
"Salma Luévano, la diputada trans que a “golpe de sentencia” está tomando la política",real
Ser mujer fue la razón para que el PRI no se fracturara: Dulce María Sauri; “primera guerra contra patriarcado ya se ganó”,real
"En la escuela nunca me he encontrado con el machismo, pero en redes sí: Karla Ayala",real
Por un problema de drenaje entré a la política y terminé la prepa siendo diputada: Ivonne Ortega,real
"“Estamos cambiando el lenguaje para quitarle el patriarcado”: Paulina Chavira, de Twitter a un medio internacional",real
"Margarita Guillé, la fundadora del primer refugio para mujeres en México",real
Muchas mujeres hemos sido feministas antes de reconocernos como tal: Dania Ravel,real
Yo sueño con que las mujeres nunca se rindan; estamos hechas para todo: Tania Larios,real
"Aún no le ganamos al machismo, pero sí le hemos arrebatado un buen de terreno: L’Hoist",real
"¿Modelo económico privatizador? Esto es el neoliberalismo, según académicos",real
Designar y remover a jueces y magistrados: esto hace el Consejo de la Judicatura Federal,real
Desde el PDM hasta el PES: estos son los partidos políticos que ya perdieron su registro,real
¿Orden o resolución? Éstas son las diferencias entre un acuerdo y un decreto,real
Proteger al Estado y su soberanía: esto es un asunto de Seguridad Nacional,real
¿Juicio político por fraude o conspiración? De esto se trata el desafuero,real
"Con computadora, tarjeta de crédito y casa propia: así se define la clase media",real
"Mayoría absoluta, simple o calificada: los tipos de votación en San Lázaro",real
¿Qué es una impugnación en materia electoral y cómo presentar una?,real
Más utilidades y multas severas: los cambios tras la reforma al outsourcing,real
¿Qué son los actos anticipados de campaña? Aquí te contamos,real
Sin actos de campaña ni difusión de encuestas: esto es la veda electoral,real
¿Préstamo de legisladores? De esto se trata el 'chapulineo',real
¿Qué significa ser de izquierda o derecha en la política?,real
¿Qué son y cómo se eligen a los diputados y senadores plurinominales?,real
"Enrique de la Madrid, de secretario de Turismo a aspirante presidencial",real
"Arturo Núñez Jiménez, de gobernador de Tabasco a comentarista de temas políticos",real
"Comediante, promotor de mariguana y ¿cantante? A esto se dedica Vicente Fox",real
"Antonio Lozano, de procurador General de la República a abogado independiente",real
"Carmen Salinas, de diputada a empresaria",real
"César Camacho Quiroz, de ex dirigente del PRI a director de escuela en el Edomex",real
"Ernesto Zedillo, de presidente de México a académico de la Universidad de Yale",real
"Aristóteles Núñez, de ex jefe del SAT a consultor independiente",real
"Francisco Labastida, de ex candidato presidencial a crítico de Peña Nieto",real
"Purificación Carpinteyro, de ex candidata a la CdMx a directora de empresa mexicana",real
"José Antonio Meade, de ex candidato presidencial a conferencista y asesor financiero",real
No se atreven a satanizar a Milanés,real
Política y futbol,real
Salvaguardando la imparcialidad del INE,real
"Monreal, el Ejército y Morena",real
Por mis hijas y mis hijos. Por mis nietos,real
"Es por Biden, no por él",real
Trascendió,real
El ahuehuete ha muerto,real
"Desde juguetes sexuales hasta mochilas, los objetos perdidos en el AICM y AIFA",real
Delgado llama a acudir a la marcha de AMLO,real
Lilly Téllez comparte 'whats' y correos para contactarla,real
Cumbre de la Alianza del Pacífico se pospone,real
En México hay 350 mil niños con padres recluidos en Ceresos,real
"PAN, PRI y PRD en San Lázaro reactivan Va por México",real
Senadores organizan baile en antigua sede legislativa,real
Revisa cuándo entregarán boletas y suspenderán clases en noviembre,real
Inseguridad en Colima es por cantidad de población: Semar,real
INE niega medidas cautelares a diputada de MC por violencia política de género,real
Senadores de la 4T invitan a ciudadanos a participar en la marcha del próximo domingo,real
Tribunal Electoral instruye a Diputados atender pleito entre Castell y Clemente Moreno,real
Tribunal ordena a Layda Sansores disculparse con diputadas del PRI por extorsionarlas con foto...,real
"AMLO se reúne con Gabriel Boric, presidente de Chile",real
Sheinbaum violó la ley al apoyar a Américo Villarreal en contienda por Tamaulipas: TEPJF,real
"En San Lázaro, presentan dictamen en reforma electoral; va Morena contra INE",real
Nos acercamos al autoritarismo cuando un gobernante se aleja de la ley: Monreal,real
AMLO presume mil reuniones de gabinete de seguridad “para garantizar la paz”,real
El enemigo a derrotar es la corrupción y la injusticia: Semar,real
Cofepris endurece control de precursores químicos,real
"En la marcha en defensa del INE “hubo mucho robo de carteras”, bromea AMLO",real
"“Llámenle como quieran”: AMLO convoca a marcha, desfile o acarreo para celebrar la 4T",real
AMLO reveló que dueño de OXXO pagó hasta 13 mil mdp que debía en impuestos,real
"Marcha del domingo puede ser la última a la que asista, dice AMLO",real
Quienes están contra reforma electoral repudian al pueblo: gobernadora de Colima,real
"AMLO enviará ""en estos días"" reforma electoral a Cámara de Diputados",real
¿Hay clases este viernes 25 de noviembre? Esto dice la SEP,real
Desahogarán juicios políticos contra Gertz y Córdova tras casos rezagados de 2003 a 2021,real
Grupo élite de Sedena auxilió a estados en 102 ataques del crimen,real
Busca Morena ahorro de 700 mdp con reubicación de módulos de INE en escuelas,real
"“Es revancha política”, dice Corral tras detención de ex fiscal anticorrupción",real
Monreal rechaza ser ‘caballo de Troya’ de la oposición para 2024,real
Presume CdMx recepción de inversión extranjera directa,real
"“Ya no estamos en tiempo de una reforma electoral”, advierte diputado del PAN",real
"Gabriel Boric, presidente de Chile, llega a México",real
Senado presentará proyecto de decreto para elección extraordinaria en Tamaulipas,real
Avanza en San Lázaro ley para fortalecer al IMSS Bienestar,real
Casos de meningitis aséptica en Durango siguen sin esclarecerse: IMSS,real
